<?xml version="1.0" encoding="UTF-8"?>
<beans xmlns="http://www.springframework.org/schema/beans"
    xmlns:context="http://www.springframework.org/schema/context"
    xmlns:xsi="http://www.w3.org/2001/XMLSchema-instance" xmlns:p="http://www.springframework.org/schema/p"
    xmlns:tx="http://www.springframework.org/schema/tx"
    xsi:schemaLocation="
         http://www.springframework.org/schema/beans
         http://www.springframework.org/schema/beans/spring-beans-4.0.xsd
         http://www.springframework.org/schema/context
         http://www.springframework.org/schema/context/spring-context-4.0.xsd
         http://www.springframework.org/schema/tx
         http://www.springframework.org/schema/tx/spring-tx-4.0.xsd
         http://www.springframework.org/schema/aop
         http://www.springframework.org/schema/aop/spring-aop-4.0.xsd">
 
<context:component-scan base-package="com.src" />
 
<!-- Configuration defining views files -->
 
    <bean id="ds" class="org.springframework.jdbc.datasource.DriverManagerDataSource">
               <property name="driverClassName" value="com.mysql.cj.jdbc.Driver"></property>
				<property name="url" value="jdbc:mysql://localhost:3306/vaishnavidb"></property>
				<property name="username" value="root"></property>
				<property name="password" value="Vaish59501#"></property>
	</bean>
				
	<bean id="jdbcTemplate" class="org.springframework.jdbc.core.JdbcTemplate">
				<property name="dataSource" ref="ds"/>
	</bean>
	 <bean id="studao" class="com.src.StudentDao">
				<property name="jdbctemplate" ref="jdbcTemplate"/>
	</bean> 
 
 
 
<bean class="org.springframework.web.servlet.view.InternalResourceViewResolver">
        <property name="prefix">
            <value>/WEB-INF/views/</value>
        </property>
        <property name="suffix">
            <value>.jsp</value>
        </property>
</bean>
</beans>